Council,Date,Title,Resolution,TOTAL VOTES,NO-VOTE COUNT,ABSENT COUNT,NO COUNT,YES COUNT,Link,token,Scrape_Year,AFGHANISTAN,ALBANIA,ALGERIA,ANDORRA,ANGOLA,ANTIGUA AND BARBUDA,ARGENTINA,ARMENIA,AUSTRALIA,AUSTRIA,AZERBAIJAN,BAHAMAS,BAHRAIN,BANGLADESH,BARBADOS,BELARUS,BELGIUM,BELIZE,BENIN,BHUTAN,BOLIVIA,BOLIVIA (PLURINATIONAL STATE OF),BOSNIA AND HERZEGOVINA,BOTSWANA,BRAZIL,BRUNEI DARUSSALAM,BULGARIA,BURKINA FASO,BURMA,BURUNDI,BYELORUSSIAN SSR,CABO VERDE,CAMBODIA,CAMEROON,CANADA,CAPE VERDE,CENTRAL AFRICAN EMPIRE,CENTRAL AFRICAN REPUBLIC,CEYLON,CHAD,CHILE,CHINA,COLOMBIA,COMOROS,CONGO,CONGO (BRAZZAVILLE),CONGO (DEMOCRATIC REPUBLIC OF),CONGO (LEOPOLDVILLE),COSTA RICA,COTE D'IVOIRE,CROATIA,CUBA,CYPRUS,CZECH REPUBLIC,CZECHIA,CZECHOSLOVAKIA,CÔTE D'IVOIRE,DAHOMEY,DEMOCRATIC KAMPUCHEA,DEMOCRATIC PEOPLE'S REPUBLIC OF KOREA,DEMOCRATIC REPUBLIC OF THE CONGO,DEMOCRATIC YEMEN,DENMARK,DJIBOUTI,DOMINICA,DOMINICAN REPUBLIC,ECUADOR,EGYPT,EL SALVADOR,EQUATORIAL GUINEA,ERITREA,ESTONIA,ESWATINI,ETHIOPIA,FEDERATION OF MALAYA,FIJI,FINLAND,FRANCE,GABON,GAMBIA,GEORGIA,GERMAN DEMOCRATIC REPUBLIC,GERMANY,"GERMANY, FEDERAL REPUBLIC OF",GHANA,GREECE,GRENADA,GUATEMALA,GUINEA,GUINEA-BISSAU,GUYANA,HAITI,HONDURAS,HUNGARY,ICELAND,INDIA,INDONESIA,IRAN,IRAN (ISLAMIC REPUBLIC OF),IRAQ,IRELAND,ISRAEL,ITALY,IVORY COAST,JAMAICA,JAPAN,JORDAN,KAZAKHSTAN,KENYA,KHMER REPUBLIC,KIRIBATI,KUWAIT,KYRGYZSTAN,LAO PEOPLE'S DEMOCRATIC REPUBLIC,LAOS,LATVIA,LEBANON,LESOTHO,LIBERIA,LIBYA,LIBYAN ARAB JAMAHIRIYA,LIBYAN ARAB REPUBLIC,LIECHTENSTEIN,LITHUANIA,LUXEMBOURG,MADAGASCAR,MALAWI,MALAYSIA,MALDIVE ISLANDS,MALDIVES,MALI,MALTA,MARSHALL ISLANDS,MAURITANIA,MAURITIUS,MEXICO,MICRONESIA (FEDERATED STATES OF),MONACO,MONGOLIA,MONTENEGRO,MOROCCO,MOZAMBIQUE,MYANMAR,NAMIBIA,NAURU,NEPAL,NETHERLANDS,NETHERLANDS (KINGDOM OF THE),NEW ZEALAND,NICARAGUA,NIGER,NIGERIA,NORTH MACEDONIA,NORWAY,OMAN,PAKISTAN,PALAU,PANAMA,PAPUA NEW GUINEA,PARAGUAY,PERU,PHILIPPINE REPUBLIC,PHILIPPINES,POLAND,PORTUGAL,QATAR,REPUBLIC OF KOREA,REPUBLIC OF MOLDOVA,ROMANIA,RUSSIAN FEDERATION,RWANDA,SAINT KITTS AND NEVIS,SAINT LUCIA,SAINT VINCENT AND THE GRENADINES,SAMOA,SAN MARINO,SAO TOME AND PRINCIPE,SAUDI ARABIA,SENEGAL,SERBIA,SERBIA AND MONTENEGRO,SEYCHELLES,SIAM,SIERRA LEONE,SINGAPORE,SLOVAKIA,SLOVENIA,SOLOMON ISLANDS,SOMALIA,SOUTH AFRICA,SOUTH SUDAN,SOUTHERN YEMEN,SPAIN,SRI LANKA,SUDAN,SURINAM,SURINAME,SWAZILAND,SWEDEN,SWITZERLAND,SYRIA,SYRIAN ARAB REPUBLIC,TAJIKISTAN,TANGANYIKA,THAILAND,THE FORMER YUGOSLAV REPUBLIC OF MACEDONIA,TIMOR-LESTE,TOGO,TONGA,TRINIDAD AND TOBAGO,TUNISIA,TURKEY,TURKMENISTAN,TUVALU,TÜRKIYE,TÜRKÝYE,TÜRKİYE,UGANDA,UKRAINE,UKRAINIAN SSR,UNION OF SOUTH AFRICA,UNITED ARAB EMIRATES,UNITED ARAB REPUBLIC,UNITED KINGDOM,UNITED REPUBLIC OF CAMEROON,UNITED REPUBLIC OF TANZANIA,UNITED STATES,UPPER VOLTA,URUGUAY,USSR,UZBEKISTAN,VANUATU,VENEZUELA,VENEZUELA (BOLIVARIAN REPUBLIC OF),VIET NAM,YEMEN,YUGOSLAVIA,ZAIRE,ZAMBIA,ZANZIBAR,ZIMBABWE,tags,target_location
Security Council,2004-08-12,Security Council resolution 1557 (2004) [on extending the mandate of the UN Assistance Mission for Iraq (UNAMI)],S/RES/1557(2004),15.0,0.0,0.0,0.0,15.0,https://digitallibrary.un.org/record/527705,527705,2004,,,YES,,YES,,,,,,,,,,,,,,YES,,,,,,YES,,,,,,,,,,,,,,,,YES,YES,,,,,,,,,,,,,,,,,,,,,,,,,,,,,,,,,,,,YES,,,,,YES,,,,,,,,,,,,,,,,,,,,,,,,,,,,,,,,,,,,,,,,,,,,,,,,,,,,,,,,,,,,,,,,,,,,,,,,,YES,,,,,,,YES,,,,,,YES,YES,,,,,,,,,,,,,,,,,,,,,,,YES,,,,,,,,,,,,,,,,,,,,,,,,,,,,,,,YES,,,YES,,,,,,,,,,,,,,,"[['POLITICAL AND LEGAL QUESTIONS', 'MAINTENANCE OF PEACE AND SECURITY', 'PEACEKEEPING OPERATIONS'], ['POLITICAL AND LEGAL QUESTIONS', 'POLITICAL CONDITIONS, INSTITUTIONS, MOVEMENTS', 'AUTHORITARIANISM'], ['POLITICAL AND LEGAL QUESTIONS', 'INTERNATIONAL RELATIONS', 'DIPLOMATIC RELATIONS'], ['HUMANITARIAN AID AND RELIEF', 'PROTECTION OF AND ASSISTANCE TO REFUGEES AND DISPLACED PERSONS', 'IRAQI REFUGEES'], ['HUMANITARIAN AID AND RELIEF', 'SPECIAL HUMANITARIAN OPERATIONS', 'HUMANITARIAN ASSISTANCE']]","[['Asia', 'Western Asia', 'Iraq']]"
General Assembly,2006-12-06,Problems arising from the accumulation of conventional ammunition stockpiles in surplus : resolution / adopted by the General Assembly,A/RES/61/72,192.0,15.0,1.0,1.0,175.0,https://digitallibrary.un.org/record/588168,588168,2006,YES,YES,YES,YES,YES,YES,YES,YES,YES,YES,YES,YES,YES,YES,YES,YES,YES,YES,YES,YES,YES,,YES,,YES,YES,YES,YES,,YES,,,YES,YES,YES,YES,,YES,,YES,YES,YES,YES,YES,YES,,,,YES,,YES,YES,YES,YES,,,YES,,,,,,YES,YES,YES,YES,YES,YES,YES,,YES,YES,,YES,,YES,YES,YES,YES,YES,YES,,YES,,YES,YES,YES,YES,YES,,YES,YES,YES,YES,YES,YES,YES,,YES,YES,YES,YES,YES,,YES,ABSTAIN,YES,YES,,,,YES,YES,YES,,YES,YES,YES,YES,,YES,,YES,YES,YES,,YES,YES,,YES,YES,YES,,YES,YES,YES,YES,YES,YES,YES,YES,YES,YES,YES,,YES,YES,,YES,YES,YES,YES,,YES,YES,YES,,YES,YES,YES,YES,,YES,YES,YES,YES,YES,YES,YES,YES,YES,YES,YES,YES,YES,YES,YES,YES,YES,YES,,,,YES,YES,YES,YES,YES,,YES,,,YES,YES,YES,,YES,YES,YES,YES,,YES,YES,,YES,YES,YES,YES,,YES,YES,YES,YES,,,,,YES,YES,,,YES,,YES,,YES,NO,,YES,,YES,YES,,YES,YES,YES,,,YES,,YES,"[['POLITICAL AND LEGAL QUESTIONS', 'DISARMAMENT AND MILITARY QUESTIONS', 'AMMUNITION'], ['POLITICAL AND LEGAL QUESTIONS', 'MAINTENANCE OF PEACE AND SECURITY', 'DISPUTE SETTLEMENT']]",[]
General Assembly,1950-12-14,Freedom of information : interference with radio signals : resolution / adopted by the General Assembly,A/RES/424(V),60.0,6.0,,5.0,49.0,https://digitallibrary.un.org/record/670572,670572,1950,,,,,,,,,,,,,,,,,,,,,,,,,,,,,,,,,,,,,,,,,,,,,,,,,,,,,,,,,,,,,,,,,,,,,,,,,,,,,,,,,,,,,,,,,,,,,,,,,,,,,,,,,,,,,,,,,,,,,,,,,,,,,,,,,,,,,,,,,,,,,,,,,,,,,,,,,,,,,,,,,,,,,,,,,,,,,,,,,,,,,,,,,,,,,,,,,,,,,,,,,,,,,,,,,,,,,,,,,,,,,,,,,,,,,,,,,,,,,,,,,,"[['POLITICAL AND LEGAL QUESTIONS', 'INTERNATIONAL RELATIONS', 'DIPLOMACY'], ['POLITICAL AND LEGAL QUESTIONS', 'POLITICAL EVENTS AND ISSUES', 'FALKLAND ISLANDS (MALVINAS) QUESTION'], ['TRANSPORT AND COMMUNICATIONS', 'TELECOMMUNICATIONS', 'RADIO COMMUNICATION']]",[]
General Assembly,1955-12-15,Cost-of-living adjustment and dependency allowances for Headquarters personnel : resolution / adopted by the General Assembly,A/RES/976(X),76.0,18.0,6.0,7.0,45.0,https://digitallibrary.un.org/record/668605,668605,1955,,,,,,,,,,,,,,,,,,,,,,,,,,,,,,,,,,,,,,,,,,,,,,,,,,,,,,,,,,,,,,,,,,,,,,,,,,,,,,,,,,,,,,,,,,,,,,,,,,,,,,,,,,,,,,,,,,,,,,,,,,,,,,,,,,,,,,,,,,,,,,,,,,,,,,,,,,,,,,,,,,,,,,,,,,,,,,,,,,,,,,,,,,,,,,,,,,,,,,,,,,,,,,,,,,,,,,,,,,,,,,,,,,,,,,,,,,,,,,,,,,"[['EMPLOYMENT', 'CONDITIONS OF EMPLOYMENT', 'FRINGE BENEFITS'], ['SOCIAL CONDITIONS AND EQUITY', 'WELFARE AND SOCIAL SERVICES', 'INCOME MAINTENANCE'], ['SOCIAL CONDITIONS AND EQUITY', 'SOCIAL DEVELOPMENT', 'SOCIAL CONDITIONS']]",[]
Security Council,2001-06-15,Security Council resolution 1355 (2001) [on the situation in the Democratic Republic of the Congo and extension of the mandate of UN Organization Mission in the Democratic Republic of the Congo (MONUC)],S/RES/1355(2001),15.0,0.0,0.0,0.0,15.0,https://digitallibrary.un.org/record/442920,442920,2001,,,,,,,,,,,,,,YES,,,,,,,,,,,,,,,,,,,,,,,,,,,,YES,YES,,,,,,,,,,,,,,,,,,,,,,,,,,,,,,,,,,,YES,,,,,,,,,,,,,,,,,,,,,,,YES,,,,YES,,,,,,,,,,,,,,,,,,,,,,,,,,YES,,,,YES,,,,,,,,,,,,,,,,,,,YES,,,,,,,,,,,,,,,,YES,,,,,,,,,,,,,,,YES,,,,,,,,,,,,,,,,,,,,,,,,,,YES,,,,,,,,YES,,,,,YES,,,YES,,,,,,,,,,,,,,,"[['POLITICAL AND LEGAL QUESTIONS', 'MAINTENANCE OF PEACE AND SECURITY', 'PEACEKEEPING OPERATIONS'], ['POLITICAL AND LEGAL QUESTIONS', 'POLITICAL CONDITIONS, INSTITUTIONS, MOVEMENTS', 'POLITICAL CONDITIONS'], ['HUMANITARIAN AID AND RELIEF', 'PROTECTION OF AND ASSISTANCE TO REFUGEES AND DISPLACED PERSONS', 'REFUGEES FROM THE DEMOCRATIC REPUBLIC OF THE CONGO'], ['HUMANITARIAN AID AND RELIEF', 'SPECIAL HUMANITARIAN OPERATIONS', 'HUMANITARIAN ASSISTANCE']]","[['Africa', 'Middle Africa', 'Democratic Republic of the Congo']]"
General Assembly,2022-12-07,Programme of action to advance responsible State behaviour in the use of information and communications technologies in the context of international security : resolution / adopted by the General Assembly,A/RES/77/37,193.0,16.0,14.0,7.0,156.0,https://digitallibrary.un.org/record/3996919,3996919,2022,YES,YES,YES,YES,YES,YES,YES,YES,YES,YES,ABSTAIN,YES,YES,YES,YES,ABSTAIN,YES,ABSTAIN,YES,YES,,YES,YES,YES,YES,ABSTAIN,YES,YES,,YES,,YES,YES,,YES,,,NO,,YES,YES,NO,YES,,YES,,,,YES,YES,YES,ABSTAIN,YES,,YES,,,,,NO,YES,,YES,YES,,YES,YES,YES,YES,YES,YES,YES,YES,YES,,YES,YES,YES,YES,YES,YES,,YES,,YES,YES,YES,YES,,YES,YES,YES,YES,YES,YES,YES,ABSTAIN,,NO,YES,YES,YES,YES,,YES,YES,YES,ABSTAIN,,,YES,YES,YES,ABSTAIN,,YES,YES,YES,YES,YES,,,YES,YES,YES,ABSTAIN,YES,YES,,YES,YES,YES,YES,YES,YES,YES,YES,YES,YES,YES,YES,YES,YES,YES,,YES,YES,,YES,NO,YES,YES,,YES,YES,ABSTAIN,YES,YES,YES,YES,YES,,ABSTAIN,YES,YES,YES,YES,YES,YES,NO,YES,YES,YES,YES,,YES,,YES,YES,YES,,YES,,YES,ABSTAIN,YES,YES,,,YES,YES,,YES,YES,YES,,YES,,YES,YES,,NO,ABSTAIN,,YES,,,YES,,YES,YES,,,,,,YES,YES,YES,,,YES,,YES,,YES,YES,,YES,,YES,YES,,,ABSTAIN,YES,,,YES,,YES,"[['POLITICAL AND LEGAL QUESTIONS', 'INTERNATIONAL RELATIONS', 'INTERNATIONAL COOPERATION'], ['POLITICAL AND LEGAL QUESTIONS', 'MAINTENANCE OF PEACE AND SECURITY', 'INTERNATIONAL SECURITY'], ['POLITICAL AND LEGAL QUESTIONS', 'MAINTENANCE OF PEACE AND SECURITY', 'COUNTER-TERRORISM'], ['TRANSPORT AND COMMUNICATIONS', 'TELECOMMUNICATIONS', 'INTERNATIONAL BROADCASTING'], ['SCIENCE AND TECHNOLOGY', 'COMPUTER SCIENCE AND TECHNOLOGY', 'CYBERSECURITY'], ['SCIENCE AND TECHNOLOGY', 'COMPUTER SCIENCE AND TECHNOLOGY', 'INTERNET'], ['SCIENCE AND TECHNOLOGY', 'COMPUTER SCIENCE AND TECHNOLOGY', 'INFORMATION TECHNOLOGY']]",[]
General Assembly,1950-11-17,Condemnation of propaganda against peace : resolution / adopted by the General Assembly,A/RES/381(V),60.0,4.0,7.0,,49.0,https://digitallibrary.un.org/record/670323,670323,1950,,,,,,,,,,,,,,,,,,,,,,,,,,,,,,,,,,,,,,,,,,,,,,,,,,,,,,,,,,,,,,,,,,,,,,,,,,,,,,,,,,,,,,,,,,,,,,,,,,,,,,,,,,,,,,,,,,,,,,,,,,,,,,,,,,,,,,,,,,,,,,,,,,,,,,,,,,,,,,,,,,,,,,,,,,,,,,,,,,,,,,,,,,,,,,,,,,,,,,,,,,,,,,,,,,,,,,,,,,,,,,,,,,,,,,,,,,,,,,,,,,"[['POLITICAL AND LEGAL QUESTIONS', 'MAINTENANCE OF PEACE AND SECURITY', 'COUNTER-TERRORISM'], ['POLITICAL AND LEGAL QUESTIONS', 'POLITICAL EVENTS AND ISSUES', 'MIDDLE EAST SITUATION']]",[]
General Assembly,1979-01-24,Programme of work of the Special Committee against Apartheid : resolution / adopted by the General Assembly,A/RES/33/183[J],151.0,23.0,4.0,,124.0,https://digitallibrary.un.org/record/639424,639424,1979,YES,YES,YES,,YES,,YES,,YES,YES,,YES,YES,YES,YES,,YES,,YES,YES,YES,,,YES,YES,,YES,,YES,YES,YES,,,,YES,,,,,,YES,YES,YES,,,,,,YES,,,YES,YES,,,YES,,,YES,,,YES,YES,YES,,,YES,YES,,YES,,,,YES,,YES,YES,ABSTAIN,YES,,,YES,,ABSTAIN,YES,YES,,YES,YES,YES,YES,YES,YES,YES,YES,YES,YES,YES,,YES,YES,,YES,YES,YES,YES,YES,,YES,,,YES,,YES,,,,YES,YES,,YES,,,,YES,YES,,YES,,YES,YES,YES,,,,YES,,,YES,,,YES,,,,YES,YES,,YES,YES,YES,YES,,YES,YES,YES,,YES,YES,,YES,,YES,YES,YES,YES,,,YES,,YES,,,,YES,,YES,YES,YES,,,,,YES,YES,,,,YES,,,,YES,YES,,,YES,YES,YES,,,YES,,,YES,,,YES,,YES,YES,YES,,,,,,YES,,YES,,YES,,ABSTAIN,YES,YES,ABSTAIN,,,YES,,,YES,,YES,YES,YES,YES,YES,,,"[['POLITICAL AND LEGAL QUESTIONS', 'DECOLONIZATION, TRUSTEESHIP AND APARTHIED', 'ANTI-APARTHEID MOVEMENTS'], ['POLITICAL AND LEGAL QUESTIONS', 'POLITICAL EVENTS AND ISSUES', 'APARTHEID'], ['SOCIAL CONDITIONS AND EQUITY', 'DISCRIMINATION', 'APARTHEID'], ['SOCIAL CONDITIONS AND EQUITY', 'HUMAN RIGHTS', 'RACISM'], ['SOCIAL CONDITIONS AND EQUITY', 'HUMAN RIGHTS', 'DISCRIMINATION'], ['SOCIAL CONDITIONS AND EQUITY', 'HUMAN RIGHTS', 'HUMAN RIGHTS VIOLATIONS'], ['SOCIAL CONDITIONS AND EQUITY', 'SOCIAL DEVELOPMENT', 'ETHNIC AND RACIAL GROUPS']]","[['Africa', 'Southern Africa', None]]"
Security Council,2017-08-05,Security Council resolution 2371 (2017) [on strengthening sanctions against the Democratic People's Republic of Korea and condemning the ballistic missile launches of 3 and 28 July 2017],S/RES/2371(2017),15.0,0.0,0.0,0.0,15.0,https://digitallibrary.un.org/record/1298440,1298440,2017,,,,,,,,,,,,,,,,,,,,,,YES,,,,,,,,,,,,,,,,,,,,YES,,,,,,,,,,,,,,,,,,,,,,,,,,YES,,,,,,YES,,,,YES,,,,,,,,,,,,,,,,,,,,,,,,,YES,,,YES,,YES,,,,,,,,,,,,,,,,,,,,,,,,,,,,,,,,,,,,,,,,,,,,,,,,,,,,,,,,,,,,,,YES,,,,,,,,,YES,,,,,,,,,,,,,,,,,,,,YES,,,,,,,,,,,,,,,,,,,,YES,,,,,YES,,,YES,,YES,,,,,,,,,,,,,"[['POLITICAL AND LEGAL QUESTIONS', 'MAINTENANCE OF PEACE AND SECURITY', 'SANCTIONS'], ['POLITICAL AND LEGAL QUESTIONS', 'DISARMAMENT AND MILITARY QUESTIONS', 'BALLISTIC MISSILES'], ['POLITICAL AND LEGAL QUESTIONS', 'INTERNATIONAL RELATIONS', 'DIPLOMACY']]","[['Asia', 'Eastern Asia', ""Democratic People's Republic of Korea [North Korea]""]]"
General Assembly,1956-12-07,United Nations Refugees Fund : financial report and accounts for the financial year ended 31 December 1955 and reports of the Board of Auditors : resolution / adopted by the General Assembly,A/RES/1071(XI),79.0,9.0,11.0,,59.0,https://digitallibrary.un.org/record/667920,667920,1956,,,,,,,,,,,,,,,,,,,,,,,,,,,,,,,,,,,,,,,,,,,,,,,,,,,,,,,,,,,,,,,,,,,,,,,,,,,,,,,,,,,,,,,,,,,,,,,,,,,,,,,,,,,,,,,,,,,,,,,,,,,,,,,,,,,,,,,,,,,,,,,,,,,,,,,,,,,,,,,,,,,,,,,,,,,,,,,,,,,,,,,,,,,,,,,,,,,,,,,,,,,,,,,,,,,,,,,,,,,,,,,,,,,,,,,,,,,,,,,,,,"[['HUMANITARIAN AID AND RELIEF', 'PROTECTION OF AND ASSISTANCE TO REFUGEES AND DISPLACED PERSONS', 'REFUGEE ASSISTANCE'], ['ECONOMIC DEVELOPMENT AND DEVELOPMENT FINANCE', 'PUBLIC FINANCE', 'GOVERNMENT AUDITING'], ['ECONOMIC DEVELOPMENT AND DEVELOPMENT FINANCE', 'DEVELOPMENT FINANCE', 'FINANCIAL ASSISTANCE']]",[]
General Assembly,1979-05-24,Credentials of representatives to the 33rd session of the General Assembly : resolution / adopted by the General Assembly,A/RES/33/9[B],151.0,27.0,9.0,19.0,96.0,https://digitallibrary.un.org/record/637262,637262,1979,YES,YES,YES,,,,YES,,NO,NO,,YES,YES,YES,YES,,NO,,YES,YES,,,,YES,YES,,YES,,YES,YES,YES,,,,NO,YES,,,,,ABSTAIN,YES,YES,,YES,,,,ABSTAIN,,,YES,YES,,,YES,,,YES,,,YES,NO,,,YES,YES,YES,,YES,,,,YES,,,NO,NO,YES,YES,,YES,,NO,YES,ABSTAIN,YES,ABSTAIN,YES,YES,YES,YES,YES,YES,NO,YES,YES,YES,,YES,NO,NO,NO,YES,YES,ABSTAIN,YES,,YES,,,YES,,YES,,,YES,YES,YES,,YES,,,,NO,YES,,YES,,YES,YES,,,,YES,YES,,,YES,,YES,YES,,,,YES,NO,,NO,ABSTAIN,,YES,,NO,YES,,,YES,YES,,YES,,YES,YES,ABSTAIN,YES,,,YES,,YES,,,,YES,,YES,,YES,,,,,YES,,,,,YES,,,,ABSTAIN,,YES,,YES,,NO,,,,,,YES,,,YES,,,YES,YES,,,,,,,,YES,,YES,,NO,,YES,NO,YES,ABSTAIN,YES,,,,,YES,YES,YES,YES,YES,,,"[['POLITICAL AND LEGAL QUESTIONS', 'POLITICAL CONDITIONS, INSTITUTIONS, MOVEMENTS', 'CREDENTIALS'], ['POLITICAL AND LEGAL QUESTIONS', 'INTERNATIONAL RELATIONS', 'DIPLOMATIC RELATIONS']]",[]
General Assembly,1991-12-06,Implementation of the Denuclearization of Africa : nuclear capacity of South Africa : resolution / adopted by the General Assembly,A/RES/46/34A,166.0,10.0,47.0,1.0,108.0,https://digitallibrary.un.org/record/282490,282490,1991,YES,ABSTAIN,YES,,,YES,ABSTAIN,,ABSTAIN,ABSTAIN,,YES,YES,YES,YES,ABSTAIN,ABSTAIN,YES,YES,YES,YES,,,YES,YES,YES,ABSTAIN,YES,,YES,,,,YES,ABSTAIN,YES,,YES,,YES,YES,YES,YES,YES,YES,,,,YES,,,YES,YES,,,ABSTAIN,YES,,,YES,,,ABSTAIN,YES,ABSTAIN,YES,YES,YES,YES,,,ABSTAIN,,YES,,ABSTAIN,ABSTAIN,ABSTAIN,YES,YES,,,ABSTAIN,,YES,ABSTAIN,,,YES,YES,YES,YES,YES,ABSTAIN,ABSTAIN,YES,YES,,YES,YES,ABSTAIN,NO,ABSTAIN,,YES,ABSTAIN,YES,,YES,,,YES,,YES,,ABSTAIN,YES,YES,YES,,YES,,ABSTAIN,ABSTAIN,ABSTAIN,YES,,YES,,YES,YES,ABSTAIN,ABSTAIN,YES,YES,YES,ABSTAIN,,YES,,YES,YES,YES,YES,,YES,ABSTAIN,,ABSTAIN,YES,YES,YES,,ABSTAIN,YES,YES,,YES,ABSTAIN,ABSTAIN,YES,,YES,ABSTAIN,ABSTAIN,YES,ABSTAIN,,ABSTAIN,,,,YES,YES,ABSTAIN,,YES,YES,YES,,,YES,,,YES,,,ABSTAIN,YES,,,,ABSTAIN,YES,YES,,YES,YES,ABSTAIN,,,YES,,,YES,,,YES,,YES,YES,ABSTAIN,,,,,,YES,YES,,,YES,,ABSTAIN,,YES,ABSTAIN,,ABSTAIN,ABSTAIN,,YES,YES,,YES,YES,YES,YES,YES,,YES,"[['POLITICAL AND LEGAL QUESTIONS', 'DISARMAMENT AND MILITARY QUESTIONS', 'NUCLEAR DISARMAMENT'], ['POLITICAL AND LEGAL QUESTIONS', 'MAINTENANCE OF PEACE AND SECURITY', 'ARMS EMBARGO'], ['NATURAL RESOURCES AND THE ENVIRONMENT', 'RESOURCES (GENERAL)', 'NATURAL RESOURCES POLICY'], ['NATURAL RESOURCES AND THE ENVIRONMENT', 'ENVIRONMENT', 'ENVIRONMENTAL ASPECTS']]","[['Africa', 'Southern Africa', 'South Africa']]"
Security Council,1994-09-29,Security Council resolution 946 (1994) [on extension of the mandate of the UN Operation in Somalia II],S/RES/946(1994),15.0,0.0,1.0,0.0,14.0,https://digitallibrary.un.org/record/283578,283578,1994,,,,,,,YES,,,,,,,,,,,,,,,,,,YES,,,,,,,,,,,,,,,,,YES,,,,,,,,,,,,YES,,,,,,,,,,YES,,,,,,,,,,,,,,YES,,,,,,,,,,,,,,,,,,,,,,,,,,,,,,,,,,,,,,,,,,,,,,,,,,,,,,,,,,,,,,,,,,,,,,,YES,,,YES,,,YES,YES,,,,,,,,,,,,,,YES,YES,,,,,,,,,,,,,,,,,,,,,,YES,,,,,,,,,,,,,,,,,,,,,,,,,,,,,,,YES,,,ABSTAIN,,,,,,,,,,,,,,,"[['POLITICAL AND LEGAL QUESTIONS', 'MAINTENANCE OF PEACE AND SECURITY', 'PEACEKEEPING OPERATIONS'], ['POLITICAL AND LEGAL QUESTIONS', 'POLITICAL CONDITIONS, INSTITUTIONS, MOVEMENTS', 'INTERNAL SECURITY'], ['HUMANITARIAN AID AND RELIEF', 'PROTECTION OF AND ASSISTANCE TO REFUGEES AND DISPLACED PERSONS', 'SOMALI REFUGEES'], ['HUMANITARIAN AID AND RELIEF', 'SPECIAL HUMANITARIAN OPERATIONS', 'HUMANITARIAN ASSISTANCE']]","[['Africa', 'Eastern Africa', 'Somalia']]"
Security Council,2021-06-29,Security Council resolution 2582 (2021) [on renewal of measures on arms embargo against the Democratic Republic of the Congo imposed by Security Council resolution 2293 (2016) until 1 July 2022 and extension of the mandate of the Group of Experts Established pursuant to Resolution 1533 (2004) until 1 Aug. 2022],S/RES/2582(2021),15.0,0.0,0.0,0.0,15.0,https://digitallibrary.un.org/record/3930746,3930746,2021,,,,,,,,,,,,,,,,,,,,,,,,,,,,,,,,,,,,,,,,,,YES,,,,,,,,,,,,,,,,,,,,,,,,,,,,,,YES,,,,,,YES,,,,,,,,,,,,,,,,,,YES,,,,,YES,,,,,,,,YES,,,,,,,,,,,,,,,,,,,,,,,,,,,YES,,,,,,,,,,,,,,,YES,,,YES,,,,,,,,,,,,,,,,YES,,,,YES,,,,,,,,,,,,,,,,,,,,,,,,,,,,,,,,,,,,,YES,,,,,,,,,,,,,YES,,,YES,,,,,,,,YES,,,,,,,"[['POLITICAL AND LEGAL QUESTIONS', 'DISARMAMENT AND MILITARY QUESTIONS', 'ARMS EMBARGO'], ['POLITICAL AND LEGAL QUESTIONS', 'DISARMAMENT AND MILITARY QUESTIONS', 'ARMS TRANSFERS'], ['POLITICAL AND LEGAL QUESTIONS', 'DISARMAMENT AND MILITARY QUESTIONS', 'DISARMAMENT'], ['POLITICAL AND LEGAL QUESTIONS', 'MAINTENANCE OF PEACE AND SECURITY', 'ARMS EMBARGO'], ['GEOGRAPHICAL DESCRIPTORS', 'AFRICA', 'DEMOCRATIC REPUBLIC OF THE CONGO']]","[['Africa', 'Middle Africa', 'Democratic Republic of the Congo']]"
Security Council,2017-01-19,Security Council resolution 2337 (2017) [on outcome of the presidential elections held in Gambia on 1 Dec. 2016],S/RES/2337(2017),15.0,0.0,0.0,0.0,15.0,https://digitallibrary.un.org/record/857117,857117,2017,,,,,,,,,,,,,,,,,,,,,,YES,,,,,,,,,,,,,,,,,,,,YES,,,,,,,,,,,,,,,,,,,,,,,,,,YES,,,,,,YES,,,,YES,,,,,,,,,,,,,,,,,,,,,,,,,YES,,,YES,,YES,,,,,,,,,,,,,,,,,,,,,,,,,,,,,,,,,,,,,,,,,,,,,,,,,,,,,,,,,,,,,,YES,,,,,,,,,YES,,,,,,,,,,,,,,,,,,,,YES,,,,,,,,,,,,,,,,,,,,YES,,,,,YES,,,YES,,YES,,,,,,,,,,,,,"[['POLITICAL AND LEGAL QUESTIONS', 'POLITICAL CONDITIONS, INSTITUTIONS, MOVEMENTS', 'ELECTIONS'], ['POLITICAL AND LEGAL QUESTIONS', 'INTERNATIONAL RELATIONS', 'DIPLOMACY'], ['POLITICAL AND LEGAL QUESTIONS', 'POLITICAL EVENTS AND ISSUES', 'GAMBIA SITUATION']]","[['Africa', 'Western Africa', 'Gambia']]"
General Assembly,1975-11-10,Status of the International Convention on the Elimination of All Forms of Racial Discrimination : resolution / adopted by the General Assembly,A/RES/3381(XXX),142.0,7.0,4.0,,131.0,https://digitallibrary.un.org/record/650326,650326,1975,,,,,,,,,,,,,,,,,,,,,,,,,,,,,,,,,,,,,,,,,,,,,,,,,,,,,,,,,,,,,,,,,,,,,,,,,,,,,,,,,,,,,,,,,,,,,,,,,,,,,,,,,,,,,,,,,,,,,,,,,,,,,,,,,,,,,,,,,,,,,,,,,,,,,,,,,,,,,,,,,,,,,,,,,,,,,,,,,,,,,,,,,,,,,,,,,,,,,,,,,,,,,,,,,,,,,,,,,,,,,,,,,,,,,,,,,,,,,,,,,,"[['POLITICAL AND LEGAL QUESTIONS', 'INTERNATIONAL LAW', 'DECLARATIONS'], ['POLITICAL AND LEGAL QUESTIONS', 'POLITICAL CONDITIONS, INSTITUTIONS, MOVEMENTS', 'RACIAL DISCRIMINATION'], ['POLITICAL AND LEGAL QUESTIONS', 'DECOLONIZATION, TRUSTEESHIP AND APARTHIED', 'ANTI-APARTHEID MOVEMENTS'], ['SOCIAL CONDITIONS AND EQUITY', 'DISCRIMINATION', 'RACIAL DISCRIMINATION'], ['SOCIAL CONDITIONS AND EQUITY', 'HUMAN RIGHTS', 'EQUALITY'], ['SOCIAL CONDITIONS AND EQUITY', 'SOCIAL DEVELOPMENT', 'ETHNIC AND RACIAL GROUPS']]",[]
General Assembly,1952-02-04,Communications concerning human rights : resolution / adopted by the General Assembly,A/RES/542(VI),60.0,8.0,12.0,5.0,35.0,https://digitallibrary.un.org/record/670167,670167,1952,,,,,,,,,,,,,,,,,,,,,,,,,,,,,,,,,,,,,,,,,,,,,,,,,,,,,,,,,,,,,,,,,,,,,,,,,,,,,,,,,,,,,,,,,,,,,,,,,,,,,,,,,,,,,,,,,,,,,,,,,,,,,,,,,,,,,,,,,,,,,,,,,,,,,,,,,,,,,,,,,,,,,,,,,,,,,,,,,,,,,,,,,,,,,,,,,,,,,,,,,,,,,,,,,,,,,,,,,,,,,,,,,,,,,,,,,,,,,,,,,,"[['POLITICAL AND LEGAL QUESTIONS', 'INTERNATIONAL LAW', 'DECLARATIONS'], ['POLITICAL AND LEGAL QUESTIONS', 'POLITICAL CONDITIONS, INSTITUTIONS, MOVEMENTS', 'CIVIL SOCIETY'], ['POLITICAL AND LEGAL QUESTIONS', 'POLITICAL EVENTS AND ISSUES', 'HUMAN RIGHTS'], ['HUMANITARIAN AID AND RELIEF', 'PROTECTION OF AND ASSISTANCE TO REFUGEES AND DISPLACED PERSONS', 'REFUGEE PROTECTION'], ['SOCIAL CONDITIONS AND EQUITY', 'HUMAN RIGHTS', 'HUMAN RIGHTS ADVANCEMENT']]",[]
General Assembly,1975-11-10,Importance of the universal realization of the right of peoples to self-determination and of the speedy granting of independence to colonial countries and peoples for the effective guarantee and observance of human rights : resolution / adopted by the General Assembly,A/RES/3382(XXX),142.0,24.0,18.0,1.0,99.0,https://digitallibrary.un.org/record/650331,650331,1975,,,,,,,,,,,,,,,,,,,,,,,,,,,,,,,,,,,,,,,,,,,,,,,,,,,,,,,,,,,,,,,,,,,,,,,,,,,,,,,,,,,,,,,,,,,,,,,,,,,,,,,,,,,,,,,,,,,,,,,,,,,,,,,,,,,,,,,,,,,,,,,,,,,,,,,,,,,,,,,,,,,,,,,,,,,,,,,,,,,,,,,,,,,,,,,,,,,,,,,,,,,,,,,,,,,,,,,,,,,,,,,,,,,,,,,,,,,,,,,,,,"[['POLITICAL AND LEGAL QUESTIONS', 'DECOLONIZATION, TRUSTEESHIP AND APARTHIED', 'SELF-DETERMINATION OF PEOPLES'], ['POLITICAL AND LEGAL QUESTIONS', 'POLITICAL CONDITIONS, INSTITUTIONS, MOVEMENTS', 'SELF-RULE'], ['SOCIAL CONDITIONS AND EQUITY', 'HUMAN RIGHTS', 'SELF-DETERMINATION OF PEOPLES'], ['SOCIAL CONDITIONS AND EQUITY', 'DISCRIMINATION', 'DISCRIMINATION BASED ON WORK AND DESCENT']]","[['Africa', None, None], ['Americas', None, None], ['Asia', None, None], ['Europe', None, None], ['Oceania', None, None]]"
General Assembly,1961-12-19,Credentials of the representatives to the 16th session of the General Assembly : resolution / adopted by the General Assembly,A/RES/1693(XVI),104.0,20.0,10.0,1.0,73.0,https://digitallibrary.un.org/record/662139,662139,1961,,,,,,,,,,,,,,,,,,,,,,,,,,,,,,,,,,,,,,,,,,,,,,,,,,,,,,,,,,,,,,,,,,,,,,,,,,,,,,,,,,,,,,,,,,,,,,,,,,,,,,,,,,,,,,,,,,,,,,,,,,,,,,,,,,,,,,,,,,,,,,,,,,,,,,,,,,,,,,,,,,,,,,,,,,,,,,,,,,,,,,,,,,,,,,,,,,,,,,,,,,,,,,,,,,,,,,,,,,,,,,,,,,,,,,,,,,,,,,,,,,"[['POLITICAL AND LEGAL QUESTIONS', 'POLITICAL CONDITIONS, INSTITUTIONS, MOVEMENTS', 'CREDENTIALS']]",[]
General Assembly,1974-12-13,Question of Southern Rhodesia : resolution / adopted by the General Assembly,A/RES/3297(XXIX),138.0,9.0,18.0,,111.0,https://digitallibrary.un.org/record/651032,651032,1974,YES,YES,YES,,,,YES,,YES,ABSTAIN,,YES,YES,YES,YES,,ABSTAIN,,,YES,YES,,,YES,YES,,YES,,YES,YES,YES,,,,ABSTAIN,,,YES,,YES,YES,YES,YES,,,,,,YES,,,YES,YES,,,YES,,YES,,,,YES,ABSTAIN,,,YES,YES,YES,YES,YES,,,,YES,,YES,YES,ABSTAIN,,YES,,YES,,ABSTAIN,YES,YES,YES,YES,YES,YES,YES,,,YES,ABSTAIN,YES,YES,YES,,YES,ABSTAIN,ABSTAIN,ABSTAIN,YES,YES,YES,YES,,YES,YES,,YES,,,YES,,YES,YES,YES,,,YES,,,ABSTAIN,YES,ABSTAIN,YES,,,YES,YES,,YES,YES,YES,,,YES,,YES,,,,,YES,ABSTAIN,,YES,,YES,YES,,ABSTAIN,YES,YES,,YES,,,YES,,YES,YES,YES,YES,,,YES,,YES,,,,,,,,YES,,,,,YES,YES,,,,YES,,,,YES,YES,YES,,,YES,ABSTAIN,,,YES,,,YES,,,YES,,YES,YES,YES,,,,,,YES,,YES,,YES,,ABSTAIN,YES,YES,ABSTAIN,YES,ABSTAIN,YES,,,YES,,,YES,YES,YES,YES,,,"[['POLITICAL AND LEGAL QUESTIONS', 'DECOLONIZATION, TRUSTEESHIP AND APARTHIED', 'COLONIALISM'], ['POLITICAL AND LEGAL QUESTIONS', 'POLITICAL EVENTS AND ISSUES', 'SOUTHERN RHODESIA QUESTION'], ['GEOGRAPHICAL DESCRIPTORS', 'AFRICA', 'SOUTHERN RHODESIA']]","[['Africa', 'Southern Africa', 'None']]"
